id,cat,name,price,desc,tag,prices
"w1","wajbat","ربع فراخ صدر + سلطة + عيش","90","ربع صدر مشوي على الفحم مع سلطة وعيش","الأكثر مبيعاً",""
"w2","wajbat","ربع فراخ ورك + سلطة + عيش","80","ربع ورك متبل بخلطة الطاهرة","",""
"w3","wajbat","ربع كفتة كندوز + سلطة + عيش","90","كفتة كندوز صافي على السيخ","",""
"w4","wajbat","ربع كفتة ضاني + سلطة + عيش","110","كفتة ضاني بخلطة الحاتي الأصلية","مميز",""
"w5","wajbat","ربع شيش طاووق + سلطة + عيش","90","مكعبات صدور متبلة 12 ساعة","",""
"w6","wajbat","ربع فراخ صدر + أرز بالكبد والقوانص","115","مع أرز بالخلطة الغني","",""
"w7","wajbat","ربع فراخ ورك + أرز بالكبد والقوانص","105","وجبة مشبعة بسعر توفير","",""
"w8","wajbat","ربع فراخ صدر + ⅛ كفتة + أرز","145","ميكس فراخ وكفتة مع أرز","",""
"w9","wajbat","ربع فراخ ورك + ⅛ كفتة + أرز","135","ميكس اقتصادي مشبع","",""
"w10","wajbat","ربع فراخ صدر + أرز + سلطة + عيش","100","وجبة كاملة","",""
"w11","wajbat","ربع فراخ ورك + أرز + سلطة + عيش","90","وجبة كاملة بسعر حنين","",""
"w12","wajbat","ربع شيش طاووق + عيش + سلطة + أرز","100","شيش مع أرز وسلطات","",""
"w13","wajbat","ربع طرب + عيش + سلطة + أرز","130","طرب ضاني ملفوف بمنديل","فاخر",""
"w14","wajbat","⅛ كباب + عيش + سلطة + أرز","110","كباب ضاني طري","",""
"w15","wajbat","⅛ طرب + عيش + سلطة + أرز","80","على قد الإيد","",""
"w16","wajbat","⅛ كفتة + عيش + سلطة + أرز","60","وجبة اقتصادية","",""
"w17","wajbat","⅛ شيش طاووق + عيش + سلطة + أرز","60","وجبة اقتصادية","",""
"w18","wajbat","ميكس كباب + شيش + طرب + كفتة","270","تشكيلة الأكيلة - 4 أصناف","الأكثر مبيعاً",""
"w19","wajbat","ميكس كفتة + طرب","115","ثنائية الطرب والكفتة","",""
"w20","wajbat","ميكس كباب + شيش","150","كباب وشيش طاووق","",""
"w21","wajbat","ميكس شيش + كفتة + كباب","195","الثلاثي الذهبي","",""
"w22","wajbat","ميكس شيش + كفتة + طرب","165","تشكيلة مشويات مميزة","",""
"w23","wajbat","ميكس شيش + طرب","115","شيش وطرب","",""
"w24","wajbat","ميكس كفتة + شيش","95","سعر التوفير","",""
"w25","wajbat","ميكس ربع كفتة + ربع طرب","210","نص كيلو مشويات مشكلة","",""
"w26","wajbat","وجبة ميكس كفتة + طرب + أرز","125","مع أرز وسلطات","",""
"w27","wajbat","وجبة ميكس كفتة + شيش","105","وجبة ميكس بالأرز","",""
"w28","wajbat","وجبة شيش + طرب","130","وجبة بالأرز والسلطات","",""
"s1","sawany","صينية الفرادي الصغير","350","فرخة + ½ كفتة + طرب + أرز + سلطات + عيش - تكفي 2","تكفي 2",""
"s2","sawany","صينية الأصدقاء","450","فرخة + ½ كفتة + ½ شيش + أرز + سلطات - تكفي 3","تكفي 3",""
"s3","sawany","صينية الميكس","450","½ فرخة + ½ شيش + ½ كفتة + ½ طرب + أرز","تشكيلة",""
"s4","sawany","صينية التوفير","550","فرخة + ½ كفتة + ½ طرب + ½ شيش + أرز كبير","موفرة",""
"s5","sawany","صينية السعادة","800","2 فرخة + 1 كفتة + ½ طرب + أرز + سلطات - تكفي 5","تكفي 5",""
"s6","sawany","صينية العيلة","1400","2 فرخة + 1 كفتة + 1 شيش + ½ طرب - تكفي 7-8","للعزومات",""
"s7","sawany","صينية الانسجام","1450","2 فرخة + 1 شيش + 1 طرب + أرز - تكفي 8","للعزومات",""
"s8","sawany","صينية الفرادي الكبير","2400","الوحش الكبير للمناسبات والعزومات الكبيرة","مناسبات",""
"sw1","sandwich","ساندوتش كفتة","30","صغير / وسط / كبير","","25 / 30 / 40"
"sw2","sandwich","ساندوتش كفتة ضاني","50","بخلطة الحاتي","مميز","40 / 50 / 60"
"sw3","sandwich","ساندوتش شيش طاووق","50","مع تومية ومخلل","","45 / 50 / 60"
"sw4","sandwich","ساندوتش طرب","70","طرب ضاني على الفحم","","60 / 80"
"sw5","sandwich","ساندوتش كباب","80","قطع كباب مشوية","","60 / 80 / 100"
"sw6","sandwich","ساندوتش كباب ضاني","30","صغير / وسط / كبير","","15 / 30 / 40"
"sw7","sandwich","حواوشي سادة","30","عجينة طازة ولحمة متبلة","","15 / 30 / 40"
"sw8","sandwich","حواوشي ضاني","55","بلية ضاني أصلية","الأكثر مبيعاً","50 / 55 / 60"
"sw9","sandwich","حواوشي إضافة جبنة","50","جبنة سايحة مع الحواوشي","","40 / 50 / 60"
"sa1","salatat","طحينة","10","طحينة بلدي بالليمون","","5 / 10"
"sa2","salatat","سلطة خضراء","10","طازة يوم بيوم","","5 / 10"
"sa3","salatat","مخلل","5","مخلل مشكل بيتي","",""
"sa4","salatat","باذنجان وطماطم مخللة","12","بدقة التوم والخل","",""
"sa5","salatat","خضار مشوي (بصل + طماطم)","15","مشوي على الفحم","مع المشويات",""
"sa6","salatat","طماطم مخللة","10","حراقة مظبوطة","",""
"t1","talabat","أرز شعيرية","30","صغير / وسط / كبير","","20 / 30 / 40"
"t2","talabat","أرز سادة بالكاري","30","بنكهة الكاري","","20 / 30 / 40"
"t3","talabat","أرز بالخلطة","35","بالمكسرات والكبد","","25 / 30 / 35 / 50"
"t4","talabat","أرز بسمتي","40","حبة طويلة مبهرة","","30 / 40 / 50"
"t5","talabat","أرز بالخضار","35","خضار سوتيه مع الأرز","","25 / 30 / 35 / 50"
"t6","talabat","خضار مشكل","20","تورلي بلدي","","15 / 25"
"t7","talabat","بامية","20","باللحمة الضاني","","15 / 25"
"t8","talabat","فاصوليا / لوبيا","20","طبيخ بيتي","","15 / 25"
"t9","talabat","ملوخية","20","بالشربة الضاني","بيتي","15 / 25"
"t10","talabat","شوربة لسان عصفور","10","شوربة دسمة","",""
"t11","talabat","مكرونة بشاميل","25","قطعة محترمة","",""